bootsecs,vmm
.240,qemu
.255,qemu
.255,qemu
.256,qemu
.256,qemu
.254,qemu
.260,qemu
.256,qemu
.257,qemu
.255,qemu
.255,qemu
.257,qemu
.256,qemu
.260,qemu
.260,qemu
.267,qemu
.256,qemu
.238,qemu
.272,qemu
.256,qemu
.261,qemu
.255,qemu
.255,qemu
.256,qemu
.240,qemu
.250,qemu
.256,qemu
.256,qemu
.269,qemu
.257,qemu
.256,qemu
.251,qemu
.261,qemu
.253,qemu
.273,qemu
.255,qemu
.267,qemu
.251,qemu
.256,qemu
.260,qemu
.258,qemu
.257,qemu
.276,qemu
.258,qemu
.254,qemu
.256,qemu
.257,qemu
.259,qemu
.256,qemu
.260,qemu
.253,qemu
.272,qemu
.259,qemu
.239,qemu
.257,qemu
.269,qemu
.257,qemu
.256,qemu
.263,qemu
.251,qemu
.257,qemu
.269,qemu
.254,qemu
.256,qemu
.255,qemu
.259,qemu
.257,qemu
.252,qemu
.252,qemu
.256,qemu
.258,qemu
.240,qemu
.254,qemu
.238,qemu
.302,qemu
.262,qemu
.254,qemu
.257,qemu
.258,qemu
.260,qemu
.259,qemu
.260,qemu
.271,qemu
.252,qemu
.255,qemu
.256,qemu
.255,qemu
.260,qemu
.261,qemu
.257,qemu
.256,qemu
.252,qemu
.250,qemu
.264,qemu
.255,qemu
.256,qemu
.255,qemu
.257,qemu
.261,qemu
.257,qemu
.255,qemu
.255,qemu
.254,qemu
.256,qemu
.255,qemu
.276,qemu
.252,qemu
.255,qemu
.255,qemu
.271,qemu
.255,qemu
.255,qemu
.252,qemu
.303,qemu
.255,qemu
.255,qemu
.276,qemu
.259,qemu
.255,qemu
.260,qemu
.259,qemu
.258,qemu
.257,qemu
.272,qemu
.254,qemu
.258,qemu
.257,qemu
.272,qemu
.240,qemu
.257,qemu
.254,qemu
.255,qemu
.267,qemu
.271,qemu
.256,qemu
.255,qemu
.257,qemu
.299,qemu
.273,qemu
.255,qemu
.262,qemu
.267,qemu
.256,qemu
.259,qemu
.271,qemu
.271,qemu
.269,qemu
.254,qemu
.257,qemu
.258,qemu
.258,qemu
.257,qemu
.259,qemu
.257,qemu
.254,qemu
.255,qemu
.254,qemu
.251,qemu
.256,qemu
.256,qemu
.255,qemu
.256,qemu
.255,qemu
.240,qemu
.257,qemu
.258,qemu
.261,qemu
.257,qemu
.264,qemu
.258,qemu
.255,qemu
.254,qemu
.255,qemu
.256,qemu
.255,qemu
.255,qemu
.261,qemu
.238,qemu
.258,qemu
.239,qemu
.254,qemu
.255,qemu
.252,qemu
.255,qemu
.259,qemu
.259,qemu
.255,qemu
.258,qemu
.262,qemu
.255,qemu
.252,qemu
.257,qemu
.251,qemu
.250,qemu
.257,qemu
.257,qemu
.255,qemu
.255,qemu
.272,qemu
.265,qemu
.254,qemu
.259,qemu
.259,qemu
.239,qemu
.256,qemu
.255,qemu
.263,qemu
.260,qemu
.270,qemu
.256,qemu
.278,qemu
.270,qemu
.256,qemu
.258,qemu
.255,qemu
.240,qemu
.255,qemu
.252,qemu
.256,qemu
.255,qemu
.256,qemu
.256,qemu
.255,qemu
.268,qemu
.266,qemu
.273,qemu
.260,qemu
.257,qemu
.258,qemu
.260,qemu
.239,qemu
.256,qemu
.262,qemu
.259,qemu
.256,qemu
.261,qemu
.252,qemu
.255,qemu
.239,qemu
.255,qemu
.260,qemu
.266,qemu
.256,qemu
.255,qemu
.260,qemu
.252,qemu
.255,qemu
.257,qemu
.255,qemu
.260,qemu
.252,qemu
.255,qemu
.255,qemu
.252,qemu
.256,qemu
.255,qemu
.241,qemu
.264,qemu
.261,qemu
.252,qemu
.255,qemu
.254,qemu
.256,qemu
.256,qemu
.256,qemu
.256,qemu
.262,qemu
.256,qemu
.272,qemu
.271,qemu
.256,qemu
.257,qemu
.267,qemu
.307,qemu
.257,qemu
.269,qemu
.256,qemu
.257,qemu
.252,qemu
.265,qemu
.255,qemu
.259,qemu
.271,qemu
.241,qemu
.275,qemu
.275,qemu
.241,qemu
.258,qemu
.268,qemu
.240,qemu
.240,qemu
.262,qemu
.255,qemu
.255,qemu
.263,qemu
.256,qemu
.241,qemu
.254,qemu
.252,qemu
.255,qemu
.256,qemu
.269,qemu
.270,qemu
.257,qemu
.278,qemu
.255,qemu
.255,qemu
.258,qemu
.258,qemu
.257,qemu
.257,qemu
.256,qemu
.257,qemu
.254,qemu
.259,qemu
.255,qemu
.267,qemu
.240,qemu
.239,qemu
.257,qemu
.266,qemu
.255,qemu
.240,qemu
.256,qemu
.257,qemu
.253,qemu
.257,qemu
.255,qemu
.268,qemu
.256,qemu
.258,qemu
.254,qemu
.255,qemu
.259,qemu
.258,qemu
.257,qemu
.256,qemu
.255,qemu
.255,qemu
.255,qemu
.272,qemu
.255,qemu
.256,qemu
.256,qemu
.257,qemu
.258,qemu
.254,qemu
.258,qemu
.258,qemu
.242,qemu
.254,qemu
.255,qemu
.252,qemu
.275,qemu
.255,qemu
.257,qemu
.250,qemu
.256,qemu
.240,qemu
.255,qemu
.257,qemu
.257,qemu
.256,qemu
.255,qemu
.252,qemu
.262,qemu
.256,qemu
.305,qemu
.255,qemu
.257,qemu
.255,qemu
.259,qemu
.255,qemu
.255,qemu
.252,qemu
.260,qemu
.255,qemu
.257,qemu
.263,qemu
.254,qemu
.254,qemu
.268,qemu
.258,qemu
.257,qemu
.255,qemu
.248,qemu
.259,qemu
.273,qemu
.290,qemu
.257,qemu
.270,qemu
.257,qemu
.255,qemu
.250,qemu
.267,qemu
.258,qemu
.254,qemu
.256,qemu
.258,qemu
.253,qemu
.257,qemu
.253,qemu
.257,qemu
.253,qemu
.239,qemu
.259,qemu
.256,qemu
.240,qemu
.257,qemu
.255,qemu
.258,qemu
.255,qemu
.251,qemu
.256,qemu
.255,qemu
.252,qemu
.256,qemu
.255,qemu
.267,qemu
.280,qemu
.257,qemu
.253,qemu
.240,qemu
.256,qemu
.259,qemu
.256,qemu
.250,qemu
.256,qemu
.252,qemu
.255,qemu
.263,qemu
.258,qemu
.259,qemu
.256,qemu
.254,qemu
.260,qemu
.255,qemu
.255,qemu
.264,qemu
.260,qemu
.264,qemu
.252,qemu
.248,qemu
.254,qemu
.250,qemu
.242,qemu
.253,qemu
.273,qemu
.254,qemu
.256,qemu
.257,qemu
.253,qemu
.256,qemu
.256,qemu
.272,qemu
.252,qemu
.255,qemu
.253,qemu
.302,qemu
.271,qemu
.254,qemu
.264,qemu
.257,qemu
.237,qemu
.257,qemu
.255,qemu
.241,qemu
.298,qemu
.256,qemu
.270,qemu
.248,qemu
.256,qemu
.256,qemu
.259,qemu
.263,qemu
.256,qemu
.268,qemu
.251,qemu
.255,qemu
.258,qemu
.255,qemu
.257,qemu
.258,qemu
.254,qemu
.275,qemu
.262,qemu
.256,qemu
.258,qemu
.264,qemu
.255,qemu
.257,qemu
.261,qemu
.257,qemu
.254,qemu
.256,qemu
.251,qemu
.240,qemu
.239,qemu
.253,qemu
.270,qemu
.240,qemu
.254,qemu
.255,qemu
.252,qemu
.252,qemu
.254,qemu
.273,qemu
.260,qemu
.264,qemu
.255,qemu
.275,qemu
.255,qemu
.251,qemu
.255,qemu
.261,qemu
.242,qemu
.257,qemu
.255,qemu
.258,qemu
.257,qemu
.255,qemu
.270,qemu
.271,qemu
.271,qemu
.254,qemu
.255,qemu
.255,qemu
.265,qemu
.258,qemu
.263,qemu
.255,qemu
.256,qemu
.263,qemu
.251,qemu
.261,qemu
.254,qemu
.254,qemu
.237,qemu
.259,qemu
.268,qemu
.257,qemu
.257,qemu
.264,qemu
.272,qemu
.259,qemu
.254,qemu
.253,qemu
.271,qemu
.241,qemu
.268,qemu
.270,qemu
.278,qemu
.257,qemu
.255,qemu
.256,qemu
.256,qemu
.257,qemu
.254,qemu
.255,qemu
.260,qemu
.257,qemu
.259,qemu
.258,qemu
.259,qemu
.255,qemu
.259,qemu
.257,qemu
.239,qemu
.256,qemu
.256,qemu
.251,qemu
.257,qemu
.253,qemu
.256,qemu
.258,qemu
.252,qemu
.253,qemu
.255,qemu
.254,qemu
.261,qemu
.258,qemu
.255,qemu
.256,qemu
.252,qemu
.256,qemu
.258,qemu
.261,qemu
.257,qemu
.271,qemu
.259,qemu
.256,qemu
.251,qemu
.272,qemu
.251,qemu
.259,qemu
.258,qemu
.253,qemu
.256,qemu
.256,qemu
.254,qemu
.255,qemu
.256,qemu
.271,qemu
.256,qemu
.234,qemu
.257,qemu
.256,qemu
.255,qemu
.256,qemu
.259,qemu
.256,qemu
.259,qemu
.257,qemu
.274,qemu
.263,qemu
.254,qemu
.265,qemu
.273,qemu
.254,qemu
.257,qemu
.270,qemu
.271,qemu
.254,qemu
.256,qemu
.248,qemu
.264,qemu
.265,qemu
.262,qemu
.255,qemu
.241,qemu
.256,qemu
.253,qemu
.251,qemu
.257,qemu
.254,qemu
.258,qemu
.254,qemu
.243,qemu
.255,qemu
.260,qemu
.260,qemu
.255,qemu
.256,qemu
.255,qemu
.251,qemu
.272,qemu
.256,qemu
.258,qemu
.257,qemu
.268,qemu
.254,qemu
.268,qemu
.260,qemu
.259,qemu
.256,qemu
.263,qemu
.260,qemu
.271,qemu
.252,qemu
.250,qemu
.252,qemu
.260,qemu
.252,qemu
.257,qemu
.272,qemu
.252,qemu
.253,qemu
.252,qemu
.256,qemu
.251,qemu
.255,qemu
.257,qemu
.263,qemu
.255,qemu
.256,qemu
.254,qemu
.253,qemu
.241,qemu
.258,qemu
.263,qemu
.252,qemu
.257,qemu
.258,qemu
.239,qemu
.273,qemu
.254,qemu
.263,qemu
.264,qemu
.251,qemu
.273,qemu
.263,qemu
.251,qemu
.255,qemu
.254,qemu
.249,qemu
.261,qemu
.263,qemu
.258,qemu
.238,qemu
.235,qemu
.238,qemu
.268,qemu
.256,qemu
.270,qemu
.252,qemu
.256,qemu
.234,qemu
.258,qemu
.270,qemu
.251,qemu
.271,qemu
.271,qemu
.256,qemu
.255,qemu
.256,qemu
.256,qemu
.258,qemu
.256,qemu
.256,qemu
.256,qemu
.240,qemu
.256,qemu
.258,qemu
.259,qemu
.234,qemu
.255,qemu
.258,qemu
.258,qemu
.235,qemu
.260,qemu
.257,qemu
.303,qemu
.256,qemu
.271,qemu
.256,qemu
.256,qemu
.256,qemu
.261,qemu
.257,qemu
.261,qemu
.246,qemu
.256,qemu
.255,qemu
.252,qemu
.270,qemu
.282,qemu
.251,qemu
.258,qemu
.256,qemu
.256,qemu
.270,qemu
.272,qemu
.255,qemu
.280,qemu
.254,qemu
.256,qemu
.255,qemu
.255,qemu
.258,qemu
.256,qemu
.263,qemu
.257,qemu
.255,qemu
.272,qemu
.255,qemu
.254,qemu
.257,qemu
.256,qemu
.256,qemu
.255,qemu
.256,qemu
.256,qemu
.274,qemu
.251,qemu
.258,qemu
.258,qemu
.257,qemu
.260,qemu
.257,qemu
.251,qemu
.235,qemu
.256,qemu
.255,qemu
.272,qemu
.260,qemu
.279,qemu
.255,qemu
.272,qemu
.255,qemu
.257,qemu
.258,qemu
.254,qemu
.248,qemu
.266,qemu
.253,qemu
.255,qemu
.258,qemu
.252,qemu
.257,qemu
.239,qemu
.237,qemu
.255,qemu
.259,qemu
.263,qemu
.256,qemu
.256,qemu
.256,qemu
.269,qemu
.259,qemu
.256,qemu
.256,qemu
.255,qemu
.256,qemu
.251,qemu
.255,qemu
.252,qemu
.255,qemu
.255,qemu
.273,qemu
.250,qemu
.240,qemu
.255,qemu
.257,qemu
.255,qemu
.255,qemu
.256,qemu
.256,qemu
.259,qemu
.256,qemu
.260,qemu
.255,qemu
.256,qemu
.281,qemu
.253,qemu
.255,qemu
.257,qemu
.254,qemu
.238,qemu
.250,qemu
.254,qemu
.257,qemu
.240,qemu
.256,qemu
.275,qemu
.260,qemu
.254,qemu
.263,qemu
.260,qemu
.256,qemu
.262,qemu
.270,qemu
.252,qemu
.260,qemu
.255,qemu
.259,qemu
.256,qemu
.252,qemu
.256,qemu
.258,qemu
.253,qemu
.252,qemu
.255,qemu
.256,qemu
.259,qemu
.257,qemu
.253,qemu
.260,qemu
.259,qemu
.257,qemu
.254,qemu
.255,qemu
.256,qemu
.265,qemu
.306,qemu
.248,qemu
.260,qemu
.250,qemu
.256,qemu
.257,qemu
.259,qemu
.271,qemu
.257,qemu
.237,qemu
.257,qemu
.274,qemu
.259,qemu
.256,qemu
.253,qemu
.257,qemu
.255,qemu
.256,qemu
.259,qemu
.266,qemu
.269,qemu
.255,qemu
.271,qemu
.273,qemu
.253,qemu
.258,qemu
.262,qemu
.255,qemu
.239,qemu
.281,qemu
.250,qemu
.261,qemu
.253,qemu
.251,qemu
.257,qemu
.255,qemu
.255,qemu
.254,qemu
.261,qemu
.259,qemu
.256,qemu
.261,qemu
.250,qemu
.257,qemu
.238,qemu
.257,qemu
.270,qemu
.256,qemu
.260,qemu
.236,qemu
.253,qemu
.252,qemu
.258,qemu
.237,qemu
.260,qemu
.258,qemu
.279,qemu
.256,qemu
.252,qemu
.259,qemu
.254,qemu
.272,qemu
.256,qemu
.256,qemu
.263,qemu
.255,qemu
.256,qemu
.271,qemu
.254,qemu
.254,qemu
.270,qemu
.253,qemu
.250,qemu
.255,qemu
.256,qemu
.275,qemu
.256,qemu
.257,qemu
.257,qemu
.257,qemu
.255,qemu
.263,qemu
.251,qemu
.256,qemu
.255,qemu
.258,qemu
.270,qemu
.272,qemu
.278,qemu
.268,qemu
.257,qemu
.278,qemu
.261,qemu
.258,qemu
.256,qemu
.255,qemu
.256,qemu
.267,qemu
.275,qemu
.252,qemu
.257,qemu
.254,qemu
.257,qemu
.258,qemu
.253,qemu
.258,qemu
.256,qemu
.256,qemu
.255,qemu
.272,qemu
.255,qemu
.256,qemu
.271,qemu
.260,qemu
.303,qemu
.267,qemu
.256,qemu
.255,qemu
.268,qemu
.255,qemu
.272,qemu
.257,qemu
.254,qemu
.268,qemu
.255,qemu
.239,qemu
.252,qemu
.224,firecracker-e2e
.224,firecracker-e2e
.227,firecracker-e2e
.227,firecracker-e2e
.226,firecracker-e2e
.203,firecracker-e2e
.231,firecracker-e2e
.225,firecracker-e2e
.223,firecracker-e2e
.221,firecracker-e2e
.221,firecracker-e2e
.225,firecracker-e2e
.229,firecracker-e2e
.221,firecracker-e2e
.230,firecracker-e2e
.220,firecracker-e2e
.231,firecracker-e2e
.218,firecracker-e2e
.203,firecracker-e2e
.225,firecracker-e2e
.228,firecracker-e2e
.221,firecracker-e2e
.202,firecracker-e2e
.220,firecracker-e2e
.223,firecracker-e2e
.230,firecracker-e2e
.226,firecracker-e2e
.231,firecracker-e2e
.223,firecracker-e2e
.226,firecracker-e2e
.220,firecracker-e2e
.226,firecracker-e2e
.205,firecracker-e2e
.224,firecracker-e2e
.219,firecracker-e2e
.226,firecracker-e2e
.220,firecracker-e2e
.218,firecracker-e2e
.211,firecracker-e2e
.205,firecracker-e2e
.231,firecracker-e2e
.229,firecracker-e2e
.227,firecracker-e2e
.232,firecracker-e2e
.230,firecracker-e2e
.218,firecracker-e2e
.231,firecracker-e2e
.233,firecracker-e2e
.232,firecracker-e2e
.233,firecracker-e2e
.227,firecracker-e2e
.230,firecracker-e2e
.225,firecracker-e2e
.217,firecracker-e2e
.223,firecracker-e2e
.202,firecracker-e2e
.226,firecracker-e2e
.233,firecracker-e2e
.231,firecracker-e2e
.231,firecracker-e2e
.237,firecracker-e2e
.238,firecracker-e2e
.218,firecracker-e2e
.210,firecracker-e2e
.226,firecracker-e2e
.222,firecracker-e2e
.224,firecracker-e2e
.227,firecracker-e2e
.226,firecracker-e2e
.229,firecracker-e2e
.231,firecracker-e2e
.220,firecracker-e2e
.225,firecracker-e2e
.202,firecracker-e2e
.215,firecracker-e2e
.232,firecracker-e2e
.227,firecracker-e2e
.228,firecracker-e2e
.227,firecracker-e2e
.202,firecracker-e2e
.233,firecracker-e2e
.224,firecracker-e2e
.219,firecracker-e2e
.228,firecracker-e2e
.224,firecracker-e2e
.231,firecracker-e2e
.226,firecracker-e2e
.206,firecracker-e2e
.231,firecracker-e2e
.202,firecracker-e2e
.223,firecracker-e2e
.230,firecracker-e2e
.225,firecracker-e2e
.209,firecracker-e2e
.224,firecracker-e2e
.220,firecracker-e2e
.238,firecracker-e2e
.229,firecracker-e2e
.212,firecracker-e2e
.221,firecracker-e2e
.212,firecracker-e2e
.227,firecracker-e2e
.212,firecracker-e2e
.224,firecracker-e2e
.220,firecracker-e2e
.220,firecracker-e2e
.230,firecracker-e2e
.227,firecracker-e2e
.229,firecracker-e2e
.231,firecracker-e2e
.220,firecracker-e2e
.229,firecracker-e2e
.223,firecracker-e2e
.223,firecracker-e2e
.227,firecracker-e2e
.220,firecracker-e2e
.227,firecracker-e2e
.231,firecracker-e2e
.230,firecracker-e2e
.229,firecracker-e2e
.230,firecracker-e2e
.232,firecracker-e2e
.202,firecracker-e2e
.225,firecracker-e2e
.220,firecracker-e2e
.222,firecracker-e2e
.220,firecracker-e2e
.225,firecracker-e2e
.233,firecracker-e2e
.220,firecracker-e2e
.227,firecracker-e2e
.219,firecracker-e2e
.230,firecracker-e2e
.225,firecracker-e2e
.230,firecracker-e2e
.223,firecracker-e2e
.227,firecracker-e2e
.220,firecracker-e2e
.226,firecracker-e2e
.200,firecracker-e2e
.226,firecracker-e2e
.225,firecracker-e2e
.220,firecracker-e2e
.233,firecracker-e2e
.224,firecracker-e2e
.220,firecracker-e2e
.206,firecracker-e2e
.221,firecracker-e2e
.224,firecracker-e2e
.227,firecracker-e2e
.219,firecracker-e2e
.225,firecracker-e2e
.230,firecracker-e2e
.227,firecracker-e2e
.227,firecracker-e2e
.231,firecracker-e2e
.216,firecracker-e2e
.220,firecracker-e2e
.212,firecracker-e2e
.221,firecracker-e2e
.222,firecracker-e2e
.203,firecracker-e2e
.239,firecracker-e2e
.227,firecracker-e2e
.204,firecracker-e2e
.220,firecracker-e2e
.234,firecracker-e2e
.217,firecracker-e2e
.223,firecracker-e2e
.220,firecracker-e2e
.235,firecracker-e2e
.218,firecracker-e2e
.226,firecracker-e2e
.220,firecracker-e2e
.220,firecracker-e2e
.200,firecracker-e2e
.225,firecracker-e2e
.217,firecracker-e2e
.225,firecracker-e2e
.221,firecracker-e2e
.202,firecracker-e2e
.222,firecracker-e2e
.229,firecracker-e2e
.219,firecracker-e2e
.202,firecracker-e2e
.221,firecracker-e2e
.232,firecracker-e2e
.218,firecracker-e2e
.202,firecracker-e2e
.221,firecracker-e2e
.207,firecracker-e2e
.211,firecracker-e2e
.224,firecracker-e2e
.220,firecracker-e2e
.227,firecracker-e2e
.230,firecracker-e2e
.225,firecracker-e2e
.229,firecracker-e2e
.222,firecracker-e2e
.228,firecracker-e2e
.216,firecracker-e2e
.227,firecracker-e2e
.212,firecracker-e2e
.218,firecracker-e2e
.219,firecracker-e2e
.225,firecracker-e2e
.221,firecracker-e2e
.218,firecracker-e2e
.219,firecracker-e2e
.222,firecracker-e2e
.216,firecracker-e2e
.221,firecracker-e2e
.224,firecracker-e2e
.224,firecracker-e2e
.221,firecracker-e2e
.231,firecracker-e2e
.214,firecracker-e2e
.235,firecracker-e2e
.201,firecracker-e2e
.229,firecracker-e2e
.230,firecracker-e2e
.220,firecracker-e2e
.228,firecracker-e2e
.226,firecracker-e2e
.225,firecracker-e2e
.219,firecracker-e2e
.227,firecracker-e2e
.218,firecracker-e2e
.231,firecracker-e2e
.230,firecracker-e2e
.225,firecracker-e2e
.225,firecracker-e2e
.235,firecracker-e2e
.222,firecracker-e2e
.227,firecracker-e2e
.238,firecracker-e2e
.219,firecracker-e2e
.223,firecracker-e2e
.220,firecracker-e2e
.204,firecracker-e2e
.212,firecracker-e2e
.228,firecracker-e2e
.229,firecracker-e2e
.228,firecracker-e2e
.224,firecracker-e2e
.230,firecracker-e2e
.221,firecracker-e2e
.230,firecracker-e2e
.230,firecracker-e2e
.206,firecracker-e2e
.225,firecracker-e2e
.219,firecracker-e2e
.224,firecracker-e2e
.229,firecracker-e2e
.221,firecracker-e2e
.201,firecracker-e2e
.241,firecracker-e2e
.231,firecracker-e2e
.227,firecracker-e2e
.222,firecracker-e2e
.225,firecracker-e2e
.223,firecracker-e2e
.224,firecracker-e2e
.230,firecracker-e2e
.223,firecracker-e2e
.212,firecracker-e2e
.227,firecracker-e2e
.233,firecracker-e2e
.219,firecracker-e2e
.222,firecracker-e2e
.236,firecracker-e2e
.225,firecracker-e2e
.218,firecracker-e2e
.219,firecracker-e2e
.239,firecracker-e2e
.233,firecracker-e2e
.220,firecracker-e2e
.226,firecracker-e2e
.220,firecracker-e2e
.208,firecracker-e2e
.225,firecracker-e2e
.222,firecracker-e2e
.223,firecracker-e2e
.219,firecracker-e2e
.218,firecracker-e2e
.227,firecracker-e2e
.220,firecracker-e2e
.225,firecracker-e2e
.207,firecracker-e2e
.203,firecracker-e2e
.222,firecracker-e2e
.222,firecracker-e2e
.226,firecracker-e2e
.220,firecracker-e2e
.218,firecracker-e2e
.235,firecracker-e2e
.223,firecracker-e2e
.205,firecracker-e2e
.220,firecracker-e2e
.232,firecracker-e2e
.221,firecracker-e2e
.202,firecracker-e2e
.217,firecracker-e2e
.212,firecracker-e2e
.234,firecracker-e2e
.224,firecracker-e2e
.201,firecracker-e2e
.229,firecracker-e2e
.226,firecracker-e2e
.205,firecracker-e2e
.220,firecracker-e2e
.225,firecracker-e2e
.220,firecracker-e2e
.227,firecracker-e2e
.215,firecracker-e2e
.221,firecracker-e2e
.204,firecracker-e2e
.223,firecracker-e2e
.212,firecracker-e2e
.233,firecracker-e2e
.227,firecracker-e2e
.224,firecracker-e2e
.232,firecracker-e2e
.221,firecracker-e2e
.223,firecracker-e2e
.203,firecracker-e2e
.230,firecracker-e2e
.217,firecracker-e2e
.223,firecracker-e2e
.223,firecracker-e2e
.205,firecracker-e2e
.219,firecracker-e2e
.231,firecracker-e2e
.221,firecracker-e2e
.226,firecracker-e2e
.217,firecracker-e2e
.225,firecracker-e2e
.226,firecracker-e2e
.219,firecracker-e2e
.234,firecracker-e2e
.230,firecracker-e2e
.227,firecracker-e2e
.221,firecracker-e2e
.217,firecracker-e2e
.227,firecracker-e2e
.227,firecracker-e2e
.229,firecracker-e2e
.220,firecracker-e2e
.223,firecracker-e2e
.221,firecracker-e2e
.231,firecracker-e2e
.220,firecracker-e2e
.210,firecracker-e2e
.224,firecracker-e2e
.227,firecracker-e2e
.223,firecracker-e2e
.225,firecracker-e2e
.218,firecracker-e2e
.220,firecracker-e2e
.226,firecracker-e2e
.227,firecracker-e2e
.223,firecracker-e2e
.223,firecracker-e2e
.224,firecracker-e2e
.219,firecracker-e2e
.222,firecracker-e2e
.228,firecracker-e2e
.221,firecracker-e2e
.233,firecracker-e2e
.220,firecracker-e2e
.227,firecracker-e2e
.223,firecracker-e2e
.220,firecracker-e2e
.224,firecracker-e2e
.231,firecracker-e2e
.238,firecracker-e2e
.231,firecracker-e2e
.217,firecracker-e2e
.226,firecracker-e2e
.227,firecracker-e2e
.221,firecracker-e2e
.221,firecracker-e2e
.231,firecracker-e2e
.224,firecracker-e2e
.228,firecracker-e2e
.227,firecracker-e2e
.231,firecracker-e2e
.225,firecracker-e2e
.229,firecracker-e2e
.222,firecracker-e2e
.202,firecracker-e2e
.222,firecracker-e2e
.232,firecracker-e2e
.227,firecracker-e2e
.233,firecracker-e2e
.219,firecracker-e2e
.230,firecracker-e2e
.229,firecracker-e2e
.227,firecracker-e2e
.211,firecracker-e2e
.218,firecracker-e2e
.231,firecracker-e2e
.230,firecracker-e2e
.221,firecracker-e2e
.212,firecracker-e2e
.221,firecracker-e2e
.225,firecracker-e2e
.227,firecracker-e2e
.237,firecracker-e2e
.233,firecracker-e2e
.221,firecracker-e2e
.226,firecracker-e2e
.204,firecracker-e2e
.217,firecracker-e2e
.228,firecracker-e2e
.217,firecracker-e2e
.229,firecracker-e2e
.219,firecracker-e2e
.235,firecracker-e2e
.220,firecracker-e2e
.224,firecracker-e2e
.222,firecracker-e2e
.219,firecracker-e2e
.230,firecracker-e2e
.233,firecracker-e2e
.229,firecracker-e2e
.224,firecracker-e2e
.240,firecracker-e2e
.219,firecracker-e2e
.224,firecracker-e2e
.203,firecracker-e2e
.232,firecracker-e2e
.232,firecracker-e2e
.201,firecracker-e2e
.221,firecracker-e2e
.222,firecracker-e2e
.233,firecracker-e2e
.219,firecracker-e2e
.219,firecracker-e2e
.219,firecracker-e2e
.221,firecracker-e2e
.226,firecracker-e2e
.222,firecracker-e2e
.225,firecracker-e2e
.216,firecracker-e2e
.219,firecracker-e2e
.223,firecracker-e2e
.228,firecracker-e2e
.226,firecracker-e2e
.222,firecracker-e2e
.205,firecracker-e2e
.230,firecracker-e2e
.211,firecracker-e2e
.217,firecracker-e2e
.219,firecracker-e2e
.226,firecracker-e2e
.230,firecracker-e2e
.225,firecracker-e2e
.227,firecracker-e2e
.221,firecracker-e2e
.218,firecracker-e2e
.209,firecracker-e2e
.229,firecracker-e2e
.235,firecracker-e2e
.228,firecracker-e2e
.234,firecracker-e2e
.231,firecracker-e2e
.229,firecracker-e2e
.222,firecracker-e2e
.221,firecracker-e2e
.230,firecracker-e2e
.219,firecracker-e2e
.230,firecracker-e2e
.227,firecracker-e2e
.227,firecracker-e2e
.231,firecracker-e2e
.225,firecracker-e2e
.216,firecracker-e2e
.211,firecracker-e2e
.220,firecracker-e2e
.230,firecracker-e2e
.226,firecracker-e2e
.218,firecracker-e2e
.226,firecracker-e2e
.226,firecracker-e2e
.223,firecracker-e2e
.228,firecracker-e2e
.232,firecracker-e2e
.211,firecracker-e2e
.226,firecracker-e2e
.203,firecracker-e2e
.220,firecracker-e2e
.228,firecracker-e2e
.220,firecracker-e2e
.229,firecracker-e2e
.233,firecracker-e2e
.227,firecracker-e2e
.220,firecracker-e2e
.222,firecracker-e2e
.230,firecracker-e2e
.225,firecracker-e2e
.227,firecracker-e2e
.235,firecracker-e2e
.223,firecracker-e2e
.231,firecracker-e2e
.219,firecracker-e2e
.227,firecracker-e2e
.222,firecracker-e2e
.225,firecracker-e2e
.217,firecracker-e2e
.224,firecracker-e2e
.228,firecracker-e2e
.223,firecracker-e2e
.210,firecracker-e2e
.228,firecracker-e2e
.225,firecracker-e2e
.221,firecracker-e2e
.229,firecracker-e2e
.202,firecracker-e2e
.227,firecracker-e2e
.231,firecracker-e2e
.225,firecracker-e2e
.220,firecracker-e2e
.219,firecracker-e2e
.225,firecracker-e2e
.209,firecracker-e2e
.225,firecracker-e2e
.212,firecracker-e2e
.224,firecracker-e2e
.229,firecracker-e2e
.220,firecracker-e2e
.222,firecracker-e2e
.223,firecracker-e2e
.230,firecracker-e2e
.222,firecracker-e2e
.221,firecracker-e2e
.224,firecracker-e2e
.225,firecracker-e2e
.205,firecracker-e2e
.206,firecracker-e2e
.211,firecracker-e2e
.221,firecracker-e2e
.217,firecracker-e2e
.222,firecracker-e2e
.234,firecracker-e2e
.218,firecracker-e2e
.219,firecracker-e2e
.219,firecracker-e2e
.223,firecracker-e2e
.211,firecracker-e2e
.222,firecracker-e2e
.204,firecracker-e2e
.210,firecracker-e2e
.228,firecracker-e2e
.202,firecracker-e2e
.224,firecracker-e2e
.231,firecracker-e2e
.210,firecracker-e2e
.220,firecracker-e2e
.225,firecracker-e2e
.224,firecracker-e2e
.229,firecracker-e2e
.229,firecracker-e2e
.218,firecracker-e2e
.233,firecracker-e2e
.223,firecracker-e2e
.229,firecracker-e2e
.234,firecracker-e2e
.230,firecracker-e2e
.223,firecracker-e2e
.217,firecracker-e2e
.220,firecracker-e2e
.224,firecracker-e2e
.222,firecracker-e2e
.228,firecracker-e2e
.221,firecracker-e2e
.228,firecracker-e2e
.225,firecracker-e2e
.231,firecracker-e2e
.209,firecracker-e2e
.228,firecracker-e2e
.220,firecracker-e2e
.219,firecracker-e2e
.225,firecracker-e2e
.222,firecracker-e2e
.219,firecracker-e2e
.227,firecracker-e2e
.227,firecracker-e2e
.230,firecracker-e2e
.223,firecracker-e2e
.220,firecracker-e2e
.229,firecracker-e2e
.223,firecracker-e2e
.224,firecracker-e2e
.219,firecracker-e2e
.219,firecracker-e2e
.229,firecracker-e2e
.222,firecracker-e2e
.218,firecracker-e2e
.224,firecracker-e2e
.232,firecracker-e2e
.224,firecracker-e2e
.227,firecracker-e2e
.222,firecracker-e2e
.220,firecracker-e2e
.230,firecracker-e2e
.234,firecracker-e2e
.220,firecracker-e2e
.238,firecracker-e2e
.220,firecracker-e2e
.230,firecracker-e2e
.227,firecracker-e2e
.224,firecracker-e2e
.223,firecracker-e2e
.219,firecracker-e2e
.232,firecracker-e2e
.226,firecracker-e2e
.221,firecracker-e2e
.223,firecracker-e2e
.229,firecracker-e2e
.211,firecracker-e2e
.221,firecracker-e2e
.219,firecracker-e2e
.230,firecracker-e2e
.238,firecracker-e2e
.227,firecracker-e2e
.225,firecracker-e2e
.210,firecracker-e2e
.207,firecracker-e2e
.218,firecracker-e2e
.230,firecracker-e2e
.227,firecracker-e2e
.226,firecracker-e2e
.222,firecracker-e2e
.223,firecracker-e2e
.212,firecracker-e2e
.229,firecracker-e2e
.227,firecracker-e2e
.221,firecracker-e2e
.229,firecracker-e2e
.228,firecracker-e2e
.229,firecracker-e2e
.219,firecracker-e2e
.224,firecracker-e2e
.227,firecracker-e2e
.202,firecracker-e2e
.228,firecracker-e2e
.224,firecracker-e2e
.225,firecracker-e2e
.232,firecracker-e2e
.228,firecracker-e2e
.230,firecracker-e2e
.230,firecracker-e2e
.234,firecracker-e2e
.224,firecracker-e2e
.211,firecracker-e2e
.223,firecracker-e2e
.226,firecracker-e2e
.207,firecracker-e2e
.227,firecracker-e2e
.234,firecracker-e2e
.226,firecracker-e2e
.221,firecracker-e2e
.217,firecracker-e2e
.225,firecracker-e2e
.222,firecracker-e2e
.220,firecracker-e2e
.225,firecracker-e2e
.233,firecracker-e2e
.227,firecracker-e2e
.226,firecracker-e2e
.221,firecracker-e2e
.225,firecracker-e2e
.223,firecracker-e2e
.220,firecracker-e2e
.223,firecracker-e2e
.220,firecracker-e2e
.219,firecracker-e2e
.228,firecracker-e2e
.225,firecracker-e2e
.221,firecracker-e2e
.225,firecracker-e2e
.216,firecracker-e2e
.220,firecracker-e2e
.230,firecracker-e2e
.229,firecracker-e2e
.213,firecracker-e2e
.226,firecracker-e2e
.224,firecracker-e2e
.220,firecracker-e2e
.235,firecracker-e2e
.219,firecracker-e2e
.227,firecracker-e2e
.219,firecracker-e2e
.227,firecracker-e2e
.230,firecracker-e2e
.235,firecracker-e2e
.226,firecracker-e2e
.229,firecracker-e2e
.227,firecracker-e2e
.226,firecracker-e2e
.220,firecracker-e2e
.231,firecracker-e2e
.220,firecracker-e2e
.217,firecracker-e2e
.229,firecracker-e2e
.200,firecracker-e2e
.224,firecracker-e2e
.221,firecracker-e2e
.235,firecracker-e2e
.226,firecracker-e2e
.227,firecracker-e2e
.228,firecracker-e2e
.219,firecracker-e2e
.222,firecracker-e2e
.223,firecracker-e2e
.232,firecracker-e2e
.220,firecracker-e2e
.222,firecracker-e2e
.222,firecracker-e2e
.228,firecracker-e2e
.236,firecracker-e2e
.221,firecracker-e2e
.227,firecracker-e2e
.220,firecracker-e2e
.227,firecracker-e2e
.235,firecracker-e2e
.221,firecracker-e2e
.227,firecracker-e2e
.217,firecracker-e2e
.227,firecracker-e2e
.228,firecracker-e2e
.222,firecracker-e2e
.227,firecracker-e2e
.233,firecracker-e2e
.211,firecracker-e2e
.225,firecracker-e2e
.204,firecracker-e2e
.219,firecracker-e2e
.226,firecracker-e2e
.226,firecracker-e2e
.223,firecracker-e2e
.242,firecracker-e2e
.226,firecracker-e2e
.224,firecracker-e2e
.230,firecracker-e2e
.225,firecracker-e2e
.231,firecracker-e2e
.225,firecracker-e2e
.230,firecracker-e2e
.226,firecracker-e2e
.223,firecracker-e2e
.210,firecracker-e2e
.219,firecracker-e2e
.227,firecracker-e2e
.221,firecracker-e2e
.216,firecracker-e2e
.205,firecracker-e2e
.223,firecracker-e2e
.219,firecracker-e2e
.217,firecracker-e2e
.227,firecracker-e2e
.226,firecracker-e2e
.228,firecracker-e2e
.222,firecracker-e2e
.230,firecracker-e2e
.229,firecracker-e2e
.234,firecracker-e2e
.218,firecracker-e2e
.210,firecracker-e2e
.213,firecracker-e2e
.222,firecracker-e2e
.207,firecracker-e2e
.225,firecracker-e2e
.225,firecracker-e2e
.223,firecracker-e2e
.227,firecracker-e2e
.221,firecracker-e2e
.216,firecracker-e2e
.220,firecracker-e2e
.224,firecracker-e2e
.230,firecracker-e2e
.228,firecracker-e2e
.219,firecracker-e2e
.224,firecracker-e2e
.226,firecracker-e2e
.228,firecracker-e2e
.233,firecracker-e2e
.227,firecracker-e2e
.233,firecracker-e2e
.224,firecracker-e2e
.230,firecracker-e2e
.230,firecracker-e2e
.223,firecracker-e2e
.206,firecracker-e2e
.231,firecracker-e2e
.228,firecracker-e2e
.227,firecracker-e2e
.230,firecracker-e2e
.234,firecracker-e2e
.227,firecracker-e2e
.224,firecracker-e2e
.202,firecracker-e2e
.220,firecracker-e2e
.221,firecracker-e2e
.224,firecracker-e2e
.226,firecracker-e2e
.223,firecracker-e2e
.240,firecracker-e2e
.226,firecracker-e2e
.226,firecracker-e2e
.232,firecracker-e2e
.219,firecracker-e2e
.224,firecracker-e2e
.202,firecracker-e2e
.222,firecracker-e2e
.228,firecracker-e2e
.227,firecracker-e2e
.226,firecracker-e2e
.220,firecracker-e2e
.230,firecracker-e2e
.237,firecracker-e2e
.230,firecracker-e2e
.228,firecracker-e2e
.226,firecracker-e2e
.231,firecracker-e2e
.202,firecracker-e2e
.220,firecracker-e2e
.223,firecracker-e2e
.224,firecracker-e2e
.227,firecracker-e2e
.216,firecracker-e2e
.229,firecracker-e2e
.224,firecracker-e2e
.223,firecracker-e2e
.226,firecracker-e2e
.222,firecracker-e2e
.222,firecracker-e2e
.222,firecracker-e2e
.221,firecracker-e2e
.228,firecracker-e2e
.222,firecracker-e2e
.230,firecracker-e2e
.216,firecracker-e2e
.225,firecracker-e2e
.231,firecracker-e2e
.219,firecracker-e2e
.218,firecracker-e2e
.223,firecracker-e2e
.229,firecracker-e2e
.209,firecracker-e2e
.233,firecracker-e2e
.221,firecracker-e2e
.229,firecracker-e2e
.219,firecracker-e2e
.234,firecracker-e2e
.227,firecracker-e2e
.220,firecracker-e2e
.218,firecracker-e2e
.240,firecracker-e2e
.227,firecracker-e2e
.220,firecracker-e2e
.222,firecracker-e2e
.229,firecracker-e2e
.230,firecracker-e2e
.226,firecracker-e2e
.237,firecracker-e2e
.227,firecracker-e2e
.226,firecracker-e2e
.220,firecracker-e2e
.230,firecracker-e2e
.229,firecracker-e2e
.227,firecracker-e2e
.223,firecracker-e2e
.238,firecracker-e2e
.223,firecracker-e2e
.221,firecracker-e2e
.221,firecracker-e2e
.221,firecracker-e2e
.233,firecracker-e2e
.200,firecracker-e2e
.226,firecracker-e2e
.222,firecracker-e2e
.226,firecracker-e2e
.232,firecracker-e2e
.225,firecracker-e2e
.224,firecracker-e2e
.220,firecracker-e2e
.232,firecracker-e2e
.219,firecracker-e2e
.220,firecracker-e2e
.222,firecracker-e2e
.228,firecracker-e2e
.219,firecracker-e2e
.219,firecracker-e2e
.225,firecracker-e2e
.225,firecracker-e2e
.227,firecracker-e2e
.230,firecracker-e2e
.222,firecracker-e2e
.221,firecracker-e2e
.226,firecracker-e2e
.212,firecracker-e2e
.226,firecracker-e2e
.228,firecracker-e2e
.232,firecracker-e2e
.235,firecracker-e2e
.229,firecracker-e2e
.225,firecracker-e2e
.219,firecracker-e2e
.218,firecracker-e2e
.229,firecracker-e2e
.202,firecracker-e2e
.201,firecracker-e2e
.217,firecracker-e2e
.228,firecracker-e2e
.227,firecracker-e2e
.227,firecracker-e2e
.227,firecracker-e2e
.227,firecracker-e2e
.209,firecracker-e2e
.220,firecracker-e2e
.230,firecracker-e2e
.209,firecracker-e2e
.223,firecracker-e2e
.220,firecracker-e2e
.239,firecracker-e2e
.225,firecracker-e2e
.227,firecracker-e2e
.226,firecracker-e2e
.224,firecracker-e2e
.205,firecracker-e2e
.219,firecracker-e2e
.233,firecracker-e2e
.201,firecracker-e2e
.223,firecracker-e2e
.211,firecracker-e2e
.222,firecracker-e2e
.221,firecracker-e2e
.222,firecracker-e2e
.224,firecracker-e2e
.224,firecracker-e2e
.227,firecracker-e2e
.217,firecracker-e2e
.224,firecracker-e2e
.222,firecracker-e2e
.226,firecracker-e2e
.231,firecracker-e2e
.216,firecracker-e2e
.202,firecracker-e2e
.219,firecracker-e2e
.219,firecracker-e2e
.234,firecracker-e2e
.205,firecracker-e2e
.222,firecracker-e2e
.221,firecracker-e2e
.226,firecracker-e2e
.208,firecracker-e2e
.229,firecracker-e2e
.202,firecracker-e2e
.230,firecracker-e2e
.206,firecracker-e2e
.229,firecracker-e2e
.226,firecracker-e2e
.226,firecracker-e2e
.223,firecracker-e2e
.205,firecracker-e2e
.219,firecracker-e2e
.220,firecracker-e2e
.221,firecracker-e2e
.230,firecracker-e2e
.233,firecracker-e2e
.220,firecracker-e2e
.233,firecracker-e2e
.231,firecracker-e2e
.227,firecracker-e2e
.233,firecracker-e2e
.229,firecracker-e2e
.230,firecracker-e2e
.234,firecracker-e2e
.232,firecracker-e2e
.221,firecracker-e2e
.226,firecracker-e2e
.221,firecracker-e2e
.228,firecracker-e2e
.222,firecracker-e2e
.224,firecracker-e2e
.230,firecracker-e2e
.229,firecracker-e2e
.224,firecracker-e2e
.228,firecracker-e2e
.219,firecracker-e2e
.231,firecracker-e2e
.219,firecracker-e2e
.225,firecracker-e2e
.207,firecracker-e2e
.219,firecracker-e2e
.233,firecracker-e2e
.216,firecracker-e2e
.211,firecracker-e2e
.157,firecracker
.157,firecracker
.159,firecracker
.157,firecracker
.157,firecracker
.157,firecracker
.165,firecracker
.157,firecracker
.157,firecracker
.159,firecracker
.158,firecracker
.157,firecracker
.163,firecracker
.157,firecracker
.163,firecracker
.157,firecracker
.158,firecracker
.157,firecracker
.157,firecracker
.157,firecracker
.157,firecracker
.156,firecracker
.157,firecracker
.159,firecracker
.158,firecracker
.159,firecracker
.157,firecracker
.158,firecracker
.159,firecracker
.157,firecracker
.157,firecracker
.158,firecracker
.158,firecracker
.161,firecracker
.158,firecracker
.157,firecracker
.158,firecracker
.157,firecracker
.158,firecracker
.157,firecracker
.159,firecracker
.159,firecracker
.157,firecracker
.157,firecracker
.159,firecracker
.156,firecracker
.164,firecracker
.156,firecracker
.160,firecracker
.164,firecracker
.157,firecracker
.157,firecracker
.158,firecracker
.156,firecracker
.159,firecracker
.157,firecracker
.162,firecracker
.165,firecracker
.157,firecracker
.157,firecracker
.166,firecracker
.157,firecracker
.157,firecracker
.157,firecracker
.158,firecracker
.157,firecracker
.159,firecracker
.157,firecracker
.159,firecracker
.158,firecracker
.158,firecracker
.157,firecracker
.159,firecracker
.157,firecracker
.163,firecracker
.157,firecracker
.157,firecracker
.158,firecracker
.158,firecracker
.156,firecracker
.159,firecracker
.157,firecracker
.159,firecracker
.161,firecracker
.158,firecracker
.163,firecracker
.157,firecracker
.158,firecracker
.160,firecracker
.157,firecracker
.158,firecracker
.157,firecracker
.158,firecracker
.157,firecracker
.157,firecracker
.157,firecracker
.163,firecracker
.162,firecracker
.163,firecracker
.157,firecracker
.157,firecracker
.156,firecracker
.157,firecracker
.157,firecracker
.157,firecracker
.157,firecracker
.159,firecracker
.157,firecracker
.159,firecracker
.159,firecracker
.158,firecracker
.158,firecracker
.158,firecracker
.156,firecracker
.158,firecracker
.157,firecracker
.163,firecracker
.159,firecracker
.159,firecracker
.157,firecracker
.159,firecracker
.159,firecracker
.157,firecracker
.158,firecracker
.156,firecracker
.158,firecracker
.157,firecracker
.157,firecracker
.162,firecracker
.157,firecracker
.156,firecracker
.158,firecracker
.158,firecracker
.157,firecracker
.159,firecracker
.159,firecracker
.159,firecracker
.157,firecracker
.159,firecracker
.157,firecracker
.157,firecracker
.157,firecracker
.158,firecracker
.165,firecracker
.156,firecracker
.157,firecracker
.158,firecracker
.157,firecracker
.159,firecracker
.157,firecracker
.157,firecracker
.157,firecracker
.160,firecracker
.157,firecracker
.157,firecracker
.157,firecracker
.156,firecracker
.157,firecracker
.159,firecracker
.157,firecracker
.159,firecracker
.157,firecracker
.161,firecracker
.162,firecracker
.158,firecracker
.157,firecracker
.163,firecracker
.157,firecracker
.164,firecracker
.157,firecracker
.163,firecracker
.157,firecracker
.161,firecracker
.157,firecracker
.158,firecracker
.156,firecracker
.159,firecracker
.156,firecracker
.162,firecracker
.157,firecracker
.158,firecracker
.157,firecracker
.158,firecracker
.156,firecracker
.158,firecracker
.157,firecracker
.158,firecracker
.157,firecracker
.156,firecracker
.157,firecracker
.158,firecracker
.158,firecracker
.158,firecracker
.157,firecracker
.157,firecracker
.157,firecracker
.157,firecracker
.162,firecracker
.160,firecracker
.157,firecracker
.165,firecracker
.157,firecracker
.162,firecracker
.156,firecracker
.157,firecracker
.157,firecracker
.158,firecracker
.157,firecracker
.157,firecracker
.159,firecracker
.156,firecracker
.157,firecracker
.157,firecracker
.158,firecracker
.158,firecracker
.157,firecracker
.162,firecracker
.162,firecracker
.157,firecracker
.157,firecracker
.157,firecracker
.156,firecracker
.159,firecracker
.161,firecracker
.157,firecracker
.158,firecracker
.157,firecracker
.156,firecracker
.165,firecracker
.157,firecracker
.156,firecracker
.159,firecracker
.163,firecracker
.158,firecracker
.157,firecracker
.162,firecracker
.158,firecracker
.157,firecracker
.157,firecracker
.157,firecracker
.158,firecracker
.161,firecracker
.157,firecracker
.162,firecracker
.161,firecracker
.162,firecracker
.159,firecracker
.156,firecracker
.159,firecracker
.160,firecracker
.164,firecracker
.157,firecracker
.158,firecracker
.158,firecracker
.157,firecracker
.157,firecracker
.162,firecracker
.162,firecracker
.159,firecracker
.157,firecracker
.164,firecracker
.158,firecracker
.159,firecracker
.157,firecracker
.157,firecracker
.158,firecracker
.157,firecracker
.162,firecracker
.157,firecracker
.156,firecracker
.164,firecracker
.157,firecracker
.158,firecracker
.156,firecracker
.159,firecracker
.159,firecracker
.158,firecracker
.157,firecracker
.157,firecracker
.157,firecracker
.158,firecracker
.159,firecracker
.158,firecracker
.157,firecracker
.161,firecracker
.156,firecracker
.157,firecracker
.161,firecracker
.159,firecracker
.157,firecracker
.158,firecracker
.157,firecracker
.158,firecracker
.157,firecracker
.157,firecracker
.164,firecracker
.157,firecracker
.158,firecracker
.158,firecracker
.159,firecracker
.157,firecracker
.156,firecracker
.157,firecracker
.163,firecracker
.157,firecracker
.157,firecracker
.156,firecracker
.158,firecracker
.157,firecracker
.157,firecracker
.157,firecracker
.157,firecracker
.156,firecracker
.163,firecracker
.156,firecracker
.156,firecracker
.158,firecracker
.159,firecracker
.163,firecracker
.157,firecracker
.156,firecracker
.157,firecracker
.160,firecracker
.157,firecracker
.158,firecracker
.157,firecracker
.159,firecracker
.156,firecracker
.159,firecracker
.158,firecracker
.158,firecracker
.156,firecracker
.158,firecracker
.157,firecracker
.158,firecracker
.157,firecracker
.157,firecracker
.159,firecracker
.157,firecracker
.156,firecracker
.159,firecracker
.158,firecracker
.156,firecracker
.156,firecracker
.164,firecracker
.162,firecracker
.157,firecracker
.156,firecracker
.157,firecracker
.156,firecracker
.168,firecracker
.156,firecracker
.162,firecracker
.157,firecracker
.157,firecracker
.158,firecracker
.158,firecracker
.156,firecracker
.158,firecracker
.159,firecracker
.159,firecracker
.157,firecracker
.159,firecracker
.159,firecracker
.163,firecracker
.157,firecracker
.163,firecracker
.156,firecracker
.161,firecracker
.156,firecracker
.157,firecracker
.158,firecracker
.157,firecracker
.159,firecracker
.158,firecracker
.163,firecracker
.178,firecracker
.157,firecracker
.158,firecracker
.158,firecracker
.157,firecracker
.156,firecracker
.161,firecracker
.159,firecracker
.161,firecracker
.157,firecracker
.159,firecracker
.159,firecracker
.157,firecracker
.158,firecracker
.157,firecracker
.158,firecracker
.156,firecracker
.157,firecracker
.162,firecracker
.157,firecracker
.159,firecracker
.165,firecracker
.159,firecracker
.162,firecracker
.156,firecracker
.165,firecracker
.165,firecracker
.156,firecracker
.159,firecracker
.156,firecracker
.160,firecracker
.157,firecracker
.161,firecracker
.158,firecracker
.159,firecracker
.157,firecracker
.158,firecracker
.156,firecracker
.157,firecracker
.156,firecracker
.158,firecracker
.156,firecracker
.162,firecracker
.159,firecracker
.159,firecracker
.156,firecracker
.157,firecracker
.156,firecracker
.162,firecracker
.157,firecracker
.158,firecracker
.163,firecracker
.156,firecracker
.162,firecracker
.157,firecracker
.163,firecracker
.159,firecracker
.157,firecracker
.157,firecracker
.158,firecracker
.160,firecracker
.156,firecracker
.156,firecracker
.157,firecracker
.157,firecracker
.157,firecracker
.157,firecracker
.157,firecracker
.156,firecracker
.157,firecracker
.159,firecracker
.163,firecracker
.157,firecracker
.156,firecracker
.156,firecracker
.157,firecracker
.158,firecracker
.157,firecracker
.158,firecracker
.157,firecracker
.158,firecracker
.162,firecracker
.157,firecracker
.157,firecracker
.157,firecracker
.161,firecracker
.162,firecracker
.162,firecracker
.160,firecracker
.166,firecracker
.161,firecracker
.158,firecracker
.159,firecracker
.157,firecracker
.161,firecracker
.156,firecracker
.167,firecracker
.157,firecracker
.159,firecracker
.158,firecracker
.156,firecracker
.156,firecracker
.163,firecracker
.158,firecracker
.158,firecracker
.158,firecracker
.157,firecracker
.156,firecracker
.158,firecracker
.158,firecracker
.163,firecracker
.158,firecracker
.158,firecracker
.158,firecracker
.157,firecracker
.159,firecracker
.157,firecracker
.157,firecracker
.159,firecracker
.170,firecracker
.159,firecracker
.157,firecracker
.158,firecracker
.158,firecracker
.160,firecracker
.157,firecracker
.167,firecracker
.158,firecracker
.165,firecracker
.156,firecracker
.158,firecracker
.157,firecracker
.158,firecracker
.157,firecracker
.162,firecracker
.163,firecracker
.160,firecracker
.158,firecracker
.162,firecracker
.156,firecracker
.158,firecracker
.163,firecracker
.157,firecracker
.157,firecracker
.163,firecracker
.157,firecracker
.156,firecracker
.156,firecracker
.156,firecracker
.159,firecracker
.158,firecracker
.159,firecracker
.158,firecracker
.158,firecracker
.157,firecracker
.156,firecracker
.162,firecracker
.158,firecracker
.157,firecracker
.157,firecracker
.158,firecracker
.157,firecracker
.159,firecracker
.157,firecracker
.158,firecracker
.156,firecracker
.158,firecracker
.157,firecracker
.159,firecracker
.158,firecracker
.157,firecracker
.159,firecracker
.158,firecracker
.158,firecracker
.157,firecracker
.156,firecracker
.157,firecracker
.158,firecracker
.157,firecracker
.157,firecracker
.163,firecracker
.157,firecracker
.157,firecracker
.157,firecracker
.158,firecracker
.158,firecracker
.158,firecracker
.162,firecracker
.158,firecracker
.156,firecracker
.158,firecracker
.163,firecracker
.158,firecracker
.157,firecracker
.157,firecracker
.156,firecracker
.159,firecracker
.160,firecracker
.164,firecracker
.156,firecracker
.157,firecracker
.157,firecracker
.163,firecracker
.157,firecracker
.162,firecracker
.157,firecracker
.163,firecracker
.157,firecracker
.159,firecracker
.157,firecracker
.157,firecracker
.157,firecracker
.160,firecracker
.159,firecracker
.157,firecracker
.159,firecracker
.157,firecracker
.161,firecracker
.159,firecracker
.157,firecracker
.157,firecracker
.157,firecracker
.157,firecracker
.159,firecracker
.160,firecracker
.157,firecracker
.162,firecracker
.156,firecracker
.157,firecracker
.162,firecracker
.159,firecracker
.157,firecracker
.164,firecracker
.159,firecracker
.165,firecracker
.157,firecracker
.156,firecracker
.156,firecracker
.158,firecracker
.157,firecracker
.158,firecracker
.157,firecracker
.160,firecracker
.159,firecracker
.158,firecracker
.159,firecracker
.157,firecracker
.157,firecracker
.159,firecracker
.156,firecracker
.158,firecracker
.157,firecracker
.159,firecracker
.157,firecracker
.159,firecracker
.157,firecracker
.158,firecracker
.156,firecracker
.162,firecracker
.158,firecracker
.159,firecracker
.157,firecracker
.157,firecracker
.157,firecracker
.158,firecracker
.159,firecracker
.157,firecracker
.157,firecracker
.157,firecracker
.157,firecracker
.163,firecracker
.162,firecracker
.159,firecracker
.165,firecracker
.162,firecracker
.159,firecracker
.159,firecracker
.159,firecracker
.157,firecracker
.157,firecracker
.158,firecracker
.157,firecracker
.158,firecracker
.157,firecracker
.160,firecracker
.157,firecracker
.157,firecracker
.157,firecracker
.158,firecracker
.156,firecracker
.156,firecracker
.158,firecracker
.163,firecracker
.157,firecracker
.157,firecracker
.157,firecracker
.159,firecracker
.157,firecracker
.159,firecracker
.158,firecracker
.158,firecracker
.156,firecracker
.157,firecracker
.159,firecracker
.157,firecracker
.157,firecracker
.156,firecracker
.159,firecracker
.159,firecracker
.158,firecracker
.159,firecracker
.157,firecracker
.158,firecracker
.157,firecracker
.161,firecracker
.157,firecracker
.158,firecracker
.159,firecracker
.166,firecracker
.157,firecracker
.159,firecracker
.156,firecracker
.156,firecracker
.156,firecracker
.157,firecracker
.157,firecracker
.157,firecracker
.156,firecracker
.157,firecracker
.158,firecracker
.156,firecracker
.157,firecracker
.157,firecracker
.159,firecracker
.157,firecracker
.157,firecracker
.163,firecracker
.157,firecracker
.157,firecracker
.157,firecracker
.165,firecracker
.157,firecracker
.156,firecracker
.157,firecracker
.159,firecracker
.161,firecracker
.158,firecracker
.158,firecracker
.158,firecracker
.157,firecracker
.166,firecracker
.158,firecracker
.159,firecracker
.156,firecracker
.162,firecracker
.157,firecracker
.156,firecracker
.162,firecracker
.159,firecracker
.163,firecracker
.156,firecracker
.157,firecracker
.157,firecracker
.158,firecracker
.157,firecracker
.156,firecracker
.161,firecracker
.158,firecracker
.160,firecracker
.158,firecracker
.159,firecracker
.162,firecracker
.157,firecracker
.158,firecracker
.157,firecracker
.157,firecracker
.161,firecracker
.157,firecracker
.159,firecracker
.157,firecracker
.156,firecracker
.157,firecracker
.156,firecracker
.156,firecracker
.163,firecracker
.159,firecracker
.159,firecracker
.157,firecracker
.160,firecracker
.159,firecracker
.159,firecracker
.157,firecracker
.157,firecracker
.156,firecracker
.163,firecracker
.157,firecracker
.159,firecracker
.157,firecracker
.157,firecracker
.159,firecracker
.163,firecracker
.157,firecracker
.157,firecracker
.159,firecracker
.158,firecracker
.161,firecracker
.157,firecracker
.157,firecracker
.158,firecracker
.157,firecracker
.163,firecracker
.157,firecracker
.158,firecracker
.159,firecracker
.162,firecracker
.158,firecracker
.158,firecracker
.157,firecracker
.159,firecracker
.159,firecracker
.157,firecracker
.157,firecracker
.164,firecracker
.157,firecracker
.157,firecracker
.157,firecracker
.158,firecracker
.157,firecracker
.158,firecracker
.162,firecracker
.164,firecracker
.157,firecracker
.164,firecracker
.157,firecracker
.157,firecracker
.158,firecracker
.156,firecracker
.159,firecracker
.157,firecracker
.158,firecracker
.158,firecracker
.161,firecracker
.156,firecracker
.157,firecracker
.158,firecracker
.165,firecracker
.161,firecracker
.163,firecracker
.157,firecracker
.163,firecracker
.157,firecracker
.158,firecracker
.157,firecracker
.159,firecracker
.160,firecracker
.157,firecracker
.161,firecracker
.160,firecracker
.159,firecracker
.158,firecracker
.158,firecracker
.157,firecracker
.157,firecracker
.156,firecracker
.157,firecracker
.157,firecracker
.157,firecracker
.156,firecracker
.157,firecracker
.157,firecracker
.157,firecracker
.161,firecracker
.157,firecracker
.158,firecracker
.157,firecracker
.165,firecracker
.159,firecracker
.156,firecracker
.158,firecracker
.166,firecracker
.158,firecracker
.159,firecracker
.156,firecracker
.175,firecracker
.163,firecracker
.158,firecracker
.157,firecracker
.156,firecracker
.165,firecracker
.157,firecracker
.163,firecracker
.157,firecracker
.157,firecracker
.157,firecracker
.158,firecracker
.158,firecracker
.158,firecracker
.158,firecracker
.163,firecracker
.158,firecracker
.157,firecracker
.158,firecracker
.159,firecracker
.162,firecracker
.156,firecracker
.156,firecracker
.157,firecracker
.157,firecracker
.161,firecracker
.156,firecracker
.159,firecracker
.156,firecracker
.158,firecracker
.157,firecracker
.158,firecracker
.157,firecracker
.163,firecracker
.159,firecracker
.157,firecracker
.157,firecracker
.157,firecracker
.157,firecracker
.159,firecracker
.157,firecracker
.157,firecracker
.157,firecracker
.163,firecracker
.158,firecracker
.162,firecracker
.159,firecracker
.163,firecracker
.163,firecracker
.162,firecracker
.157,firecracker
.156,firecracker
.158,firecracker
.156,firecracker
.156,firecracker
.156,firecracker
.157,firecracker
.160,firecracker
.157,firecracker
.159,firecracker
.157,firecracker
.158,firecracker
.157,firecracker
.162,firecracker
.157,firecracker
.158,firecracker
.157,firecracker
.159,firecracker
.160,firecracker
.158,firecracker
.157,firecracker
.160,firecracker
.158,firecracker
.157,firecracker
.157,firecracker
.157,firecracker
.161,firecracker
.159,firecracker
.157,firecracker
.158,firecracker
.157,firecracker
.159,firecracker
.160,firecracker
.157,firecracker
.156,firecracker
.158,firecracker
.158,firecracker
.157,firecracker
.157,firecracker
.156,firecracker
.157,firecracker
.159,firecracker
.157,firecracker
.161,firecracker
.156,firecracker
.157,firecracker
.156,firecracker
.157,firecracker
.156,firecracker
.159,firecracker
.157,firecracker
.158,firecracker
.160,firecracker
.159,firecracker
.158,firecracker
.157,firecracker
.156,firecracker
.158,firecracker
.159,firecracker
.157,firecracker
.158,firecracker
.157,firecracker
.161,firecracker
.158,firecracker
.163,firecracker
.168,firecracker
.157,firecracker
.163,firecracker
.156,firecracker
.160,firecracker
.162,firecracker
.163,firecracker
.158,firecracker
.156,firecracker
.159,firecracker
.164,firecracker
.157,firecracker
.157,firecracker
.157,firecracker
.159,firecracker
.158,firecracker
.163,firecracker
.157,firecracker
.165,firecracker
.158,firecracker
.159,firecracker
.160,firecracker
.157,firecracker
.161,firecracker
.156,firecracker
.160,firecracker
